4277,42.355945829827924,-71.16522199999446,88.0
13683,42.32185175094702,-71.09764874209552,100.0
17797,42.270786224212884,-71.1053823176375,83.0
16244,42.34673693487051,-71.0866467133106,95.0
1048,42.35282561286006,-71.0825256517601,98.0
14907,42.332046298743215,-71.05046770393878,65.0
5626,42.338151413380054,-71.03167264980219,74.0
18892,42.31589673830251,-71.0832245430576,30.0
144,42.25979873973898,-71.11614796421375,78.0
1552,42.28668913034892,-71.12660498524254,100.0
22112,42.32699023587254,-71.06689852959947,44.0
9829,42.33406176081543,-71.02553366283234,65.0
17937,42.295190737240404,-71.07437686016863,34.0
16079,42.3793111542721,-71.0514874001618,76.0
3382,42.2814972084295,-71.14189007133754,35.0
16445,42.36380920966498,-71.05694424518113,79.0
12925,42.29431046969957,-71.08849667116506,89.0
22722,42.34780812591442,-71.03786244859727,85.0
4780,42.35099962466834,-71.08149808680948,100.0
12980,42.30282122179382,-71.07417877943749,29.0
6809,42.257689553747596,-71.12378588991868,80.0
19967,42.27569373907509,-71.06908739022883,32.0
17887,42.269857660446526,-71.09525504769007,86.0
22774,42.353208531426105,-71.17374805300565,100.0
6858,42.303537333344764,-71.0794369706428,77.0
5815,42.29943442998086,-71.06982991447998,12.0
9087,42.336494198706774,-71.03956782013437,89.0
10043,42.346354481398095,-71.1405120973545,55.0
22153,42.35648324875357,-71.06851569324019,92.0
2955,42.27744202677466,-71.16686829430493,92.0
20662,42.33984481071876,-71.05523107030092,75.0
9783,42.33073389017931,-71.05493024826663,26.0
18590,42.29266132929354,-71.08060069759516,60.0
4448,42.37064357861445,-71.03584192577479,100.0
18569,42.27351649243017,-71.07436248392989,0.0
1231,42.298132035293385,-71.08672398538677,44.0
4926,42.35240400211838,-71.06299358840084,100.0
12562,42.31985491492956,-71.06596195679022,13.0
12117,42.26796455286204,-71.10440596993014,81.0
12632,42.31526589210533,-71.08287745958165,37.0
9173,42.33305362663355,-71.04278157558234,66.0
15157,42.34033454810518,-71.06896619623694,76.0
20006,42.28208911110495,-71.06179696777231,100.0
1108,42.29261897942083,-71.12099897408115,100.0
8782,42.364366897862794,-71.06098755140131,44.0
11662,42.304166349926874,-71.06426185225419,15.0
13724,42.32991607233211,-71.09732671633697,70.0
5670,42.350297605931246,-71.0776078971602,100.0
7005,42.31781744942523,-71.09328831681286,76.0
1369,42.33835894516527,-71.10212788813621,67.0
1155,42.272522730583326,-71.11847194920304,95.0
2261,42.32426666893844,-71.11063471648606,48.0
4625,42.360440931805634,-71.06775428928967,39.0
1217,42.2963765605353,-71.07565075223711,0.0
1240,42.31733499739785,-71.06079714924734,49.0
2709,42.31503157897781,-71.05421514167956,60.0
10720,42.34839708878568,-71.09489524719245,59.0
9065,42.334803206247116,-71.03015688721685,94.0
1431,42.28700358794869,-71.05461703450887,87.0
9141,42.338336420307684,-71.02807357368954,0.0
18347,42.26583704792469,-71.10623390175539,95.0
7807,42.31082886971816,-71.11658198503989,69.0
19188,42.29839947006765,-71.07805211128557,24.0
14055,42.315333932630075,-71.10359557361303,92.0
17490,42.32112996986204,-71.10696123786046,81.0
2218,42.31052210926326,-71.08171068623184,92.0
20126,42.29767862896224,-71.049877068901,100.0
19425,42.301221341696674,-71.07365621288547,33.0
7408,42.31947192309408,-71.05825696649865,24.0
2291,42.32446234086415,-71.08699504334813,44.0
15644,42.34279839858966,-71.14831109580395,71.0
8311,42.34477892138583,-71.06854003104279,100.0
14055,42.315333932630075,-71.10359557361303,92.0
22006,42.34819529567964,-71.06788012856742,60.0
4387,42.356287500548476,-71.05784443894649,19.0
13687,42.32196986698534,-71.08285869204194,68.0
19482,42.28656307136953,-71.04976507245988,76.0
16374,42.38073584959113,-71.02193948264394,89.0
11564,42.26641771637866,-71.11218171990073,81.0
7638,42.2771888263002,-71.1291637674952,60.0
21897,42.35686872686977,-71.0566289477823,97.0
6056,42.280652108636545,-71.05559287259754,69.0
16316,42.377925108385355,-71.03181842006178,80.0
18346,42.265199306287144,-71.10595178400138,76.0
24506,42.38513386244847,-71.02247759515232,69.0
18139,42.343485214836335,-71.07085289384761,42.0
2084,42.30038445913811,-71.06269824160022,27.0
2030,42.314413734062285,-71.1014952759736,87.0
21523,42.286806191137146,-71.17038687837223,98.0
903,42.28886272496947,-71.0811232790289,80.0
4634,42.351041419214944,-71.16747746364611,100.0
11219,42.33309991985348,-71.10939021673002,100.0
12212,42.3226393804511,-71.08551990410832,73.0
6949,42.316043362079284,-71.06755895759771,51.0
12304,42.36604279072012,-71.0552540447083,0.0
22639,42.367564402280905,-71.03877180981831,73.0
8173,42.348109681666344,-71.09405602981161,69.0
11040,42.34727316535686,-71.1567795562385,100.0
20173,42.328170222006115,-71.08656156530891,0.0
7390,42.31599431615956,-71.11017835229735,83.0
1425,42.27671188414172,-71.1013561585497,38.0
1422,42.296442390502044,-71.0748083010953,42.0
8235,42.31293352205361,-71.06704184046441,84.0
22513,42.340597761382455,-71.07300185914077,84.0
3229,42.36483281866633,-71.03420714084909,95.0
18064,42.29478768833211,-71.07602944468093,69.0
17034,42.251616947632456,-71.14414093851285,85.0
18824,42.30641141284333,-71.06327288577556,20.0
3156,42.37714170620511,-71.03272463363972,92.0
22116,42.357465357739336,-71.05160670575984,100.0
4986,42.29765870817028,-71.08026215099571,31.0
20278,42.31646994615958,-71.10748171293264,89.0
5743,42.25632850025907,-71.11960264269919,65.0
8914,42.28191928171466,-71.15098424547516,46.0
18382,42.26711823313851,-71.09708375909436,54.0
8161,42.270614467381606,-71.16258121283536,80.0
15665,42.37918345844952,-71.0649599077749,100.0
4566,42.30114477635498,-71.13123907749521,96.0
12209,42.33435351148276,-71.0871392062532,32.0
17808,42.25350188371873,-71.13087040561824,57.0
7716,42.31450085822131,-71.09693869867795,92.0
14503,42.286463500620776,-71.11753073714421,97.0
7587,42.324626640268825,-71.08477241259115,67.0
8824,42.3578877292975,-71.05547035613004,100.0
4446,42.3707605395254,-71.04289612076539,100.0
17430,42.32491801224078,-71.08985092141742,66.0
4752,42.35361716144745,-71.1364718096559,75.0
4091,42.331756576098556,-71.02944542601,54.0
12438,42.301756078290914,-71.05773552057622,30.0
8684,42.33030684962096,-71.05758972710798,57.0
17500,42.33279431090901,-71.03194886379809,23.0
11010,42.35967727365872,-71.14091467061293,93.0
19841,42.31399469813622,-71.08641081446378,37.0
15573,42.3752421479508,-71.05850255808713,79.0
11033,42.351107337111095,-71.16444388141431,90.0
3034,42.28260160613085,-71.05963225552479,66.0
1639,42.30096267358662,-71.07423757229189,31.0
20133,42.29026482764217,-71.039831079427,92.0
8876,42.29354543502146,-71.15145622706561,86.0
10114,42.251104780991426,-71.1441487087687,89.0
6981,42.3369766649465,-71.08570822807974,96.0
15384,42.35936134094247,-71.05383568680708,6.0
3797,42.36656972869729,-71.03607684401153,74.0
10973,42.37971400049946,-71.06455837433322,87.0
8372,42.31277297482969,-71.11234537984369,68.0
18296,42.25118752908696,-71.13102825021983,96.0
22148,42.362717322233976,-71.06130461865393,93.0
4592,42.300277590677865,-71.12837842192589,98.0
18363,42.26687742628939,-71.10891449731272,67.0
7681,42.2622165904069,-71.15540012325782,39.0
8490,42.28057377960897,-71.12560416162998,30.0
13057,42.31710411311528,-71.07049375503509,57.0
5570,42.36108197510427,-71.06432299647737,100.0
12285,42.35704714378901,-71.06245289203089,99.0
5882,42.3158476110856,-71.08514984769498,99.0
1272,42.31467355551835,-71.07629399677852,70.0
7384,42.314295685700976,-71.10096537585336,87.0
14588,42.30709065294475,-71.10342919607145,86.0
20341,42.321298619775106,-71.07585520715779,79.0
12163,42.33316053027364,-71.07489310597506,94.0
13696,42.331497989676635,-71.08438359653925,87.0
15160,42.33958476485062,-71.06949128226636,79.0
106,42.2697093016153,-71.1299436134316,41.0
4746,42.340036831327986,-71.15075443157119,47.0
19922,42.31694991347811,-71.08244511532907,0.0
8317,42.33745166149255,-71.07449173719988,62.0
5726,42.25628038085398,-71.11951648859437,96.0
11592,42.25946877150188,-71.12156193084886,99.0
5172,42.33660514752331,-71.15139438865818,83.0
16247,42.34691929449123,-71.08580624362234,70.0
2151,42.303124645990906,-71.08505940996764,44.0
118,42.27295594625855,-71.12902544277351,58.0
8447,42.28936731692876,-71.15856053267773,100.0
162,42.26298190468339,-71.10435408086009,84.0
20089,42.28938778808737,-71.06555894268068,54.0
15920,42.36548946351124,-71.05586228601983,0.0
21432,42.34571274322957,-71.09688736466477,18.0
16547,42.3668429626462,-71.05647381481391,0.0
6134,42.28626554627162,-71.09449286475014,48.0
7707,42.3251990807049,-71.07819822591709,66.0
12886,42.293415624259225,-71.05576967728008,88.0
9491,42.37084636157776,-71.04065872480506,91.0
4811,42.3567519314246,-71.15830116535409,82.0
5639,42.29198785254365,-71.06266090108731,14.0
21431,42.32313426291102,-71.10660767412685,50.0
22025,42.344218391750935,-71.06724187059952,82.0
21704,42.31280541277493,-71.10137111627289,7.0
17393,42.31117044178284,-71.05392354005669,56.0
12338,42.28967798555931,-71.09200103332275,96.0
6807,42.25976371989094,-71.12325613811603,77.0
14678,42.344123074387625,-71.09607563957258,55.0
2913,42.27219005224358,-71.16382870992317,31.0
5967,42.27235293964971,-71.09128875115503,98.0
1680,42.307903447053924,-71.11068340008109,83.0
18066,42.29503574167276,-71.07470686492778,100.0
6072,42.28836580683361,-71.06348066711574,0.0
14251,42.28187112807591,-71.12494015105865,42.0
22137,42.38049490158632,-71.03833736565365,70.0
12872,42.29269866466742,-71.0588423057136,89.0
5643,42.29277921303838,-71.0624398507603,100.0
21926,42.344739884482216,-71.0725198316147,45.0
19973,42.29891418831161,-71.0556767607094,4.0
21853,42.339280094657504,-71.07499063174777,97.0
21997,42.34740268041397,-71.06188649709541,100.0
3950,42.29231199705919,-71.14149138114021,73.0
21179,42.276173143209405,-71.13988669837529,0.0
4951,42.357484961365124,-71.05725063899305,100.0
13620,42.3317664298217,-71.08357777364633,98.0
12952,42.263640504202776,-71.09964192881304,100.0
8584,42.282255083086454,-71.12292981255912,100.0
6374,42.26860188794984,-71.12998710585568,29.0
3129,42.34568127088025,-71.07019243649454,100.0
5481,42.35260232336334,-71.07381475129837,92.0
3426,42.27358287485103,-71.16244419894419,30.0
15176,42.335290690194114,-71.07458692435931,60.0
17973,42.2877917215102,-71.07796060878805,90.0
22696,42.34002442664026,-71.05290514408938,93.0
20606,42.333157006451565,-71.05253290266356,68.0
8038,42.3310311603494,-71.07490185959368,28.0
12757,42.31486586330585,-71.08138204231216,25.0
20852,42.31209270321552,-71.11302310037185,72.0
15517,42.357849662677104,-71.06009126479186,93.0
2796,42.34235548018445,-71.08880540329342,44.0
20027,42.282221224530936,-71.05092674882626,91.0
2604,42.349480385565734,-71.0697758422713,100.0
21164,42.30613837599395,-71.11489514460328,92.0
489,42.28630140221114,-71.14614287021372,29.0
7556,42.329868930167784,-71.0943130525094,95.0
16397,42.37943604925644,-71.03069882552066,91.0
21817,42.34901428914008,-71.16082336787184,93.0
13067,42.313992299147536,-71.07193369477221,71.0
3853,42.37170886561495,-71.03653854083902,38.0
22768,42.35013909065743,-71.07347760461266,95.0
2710,42.31022743444961,-71.0629835400021,6.0
13460,42.29072675145536,-71.04722575083848,84.0
7750,42.32885279222669,-71.08420781172526,89.0
12467,42.29713029156587,-71.07668811621588,3.0
19651,42.27359343738254,-71.06958245768999,20.0
5638,42.28120041535961,-71.04805591109535,100.0
3604,42.33665780680068,-71.05200793690199,0.0
13159,42.27393470213622,-71.07716940605083,100.0
22756,42.352192132579134,-71.13707579991713,0.0
83,42.254225466513745,-71.12784099445174,70.0
5439,42.35348145704525,-71.07404877844145,75.0
14454,42.30695506064953,-71.10595429742823,66.0
9407,42.35096100696319,-71.06185477658227,100.0
5582,42.36814771492316,-71.0564304463572,16.0
16252,42.34140734984509,-71.06716060284508,83.0
18244,42.24290066505874,-71.14008403716697,91.0
5579,42.34703503938145,-71.13426294137832,56.0
5596,42.36749177090709,-71.05500150542794,85.0
3290,42.31683135574281,-71.11362592533304,80.0
1642,42.3022194707316,-71.07371889659186,39.0
10639,42.35133082405589,-71.13833028846489,0.0
3878,42.308785739498184,-71.11938521488395,48.0
19135,42.31871662264866,-71.04364545388395,49.0
5919,42.33128413037153,-71.0810449400179,62.0
3827,42.34564929018577,-71.07043284947343,100.0
8625,42.336872591046706,-71.04370319808709,98.0
11062,42.35460255162097,-71.14552834029985,30.0
2141,42.31343299103477,-71.10896340328132,77.0
18160,42.242148313930116,-71.1427955507994,100.0
22480,42.35468470243811,-71.06225730515526,70.0
21846,42.351546001114315,-71.05615208006517,100.0
1621,42.310933505679294,-71.055212749999,26.0
22314,42.37825919623166,-71.06558384806533,59.0
259,42.28127632377294,-71.06459588025578,8.0
2404,42.34477738593648,-71.0874762463102,100.0
15547,42.373474698930366,-71.06669955155594,91.0
11238,42.360258892187595,-71.06051975486011,100.0
16151,42.37824282105745,-71.06908970236364,77.0
7264,42.29055547364008,-71.1136497354015,92.0
21925,42.3381175647272,-71.07448488237372,78.0
659,42.25944722144769,-71.12635589752709,83.0
4580,42.34491968807392,-71.0528065551093,31.0
22882,42.34260291306207,-71.07470517024234,52.0
5467,42.35035267315701,-71.07735838089633,77.0
4945,42.35016645599876,-71.0835635606015,100.0
14893,42.32238185180458,-71.10490419506206,20.0
5923,42.32731954788821,-71.07512062682831,27.0
9756,42.33147713916225,-71.05352001984194,54.0
7991,42.31542535302347,-71.08235915271241,65.0
9417,42.33864958711294,-71.07143830288223,25.0
14470,42.3284519268439,-71.08948592000515,80.0
15422,42.33765984285589,-71.0399006428693,90.0
16569,42.34432085533264,-71.05300153964458,100.0
8163,42.27124485579647,-71.16405634598227,78.0
16905,42.31769478552607,-71.07890563373482,26.0
8628,42.33718474788514,-71.04354543806902,96.0
17477,42.290562112535795,-71.14492999974524,62.0
5967,42.27235293964971,-71.09128875115503,98.0
6560,42.270277878403036,-71.0905528919178,0.0
21257,42.28574811487429,-71.12354955173058,84.0
4540,42.36385329541307,-71.0607838704554,69.0
15924,42.36616259081058,-71.0585934373159,62.0
10143,42.290711291880136,-71.16009832434163,91.0
17393,42.31117044178284,-71.05392354005669,56.0
18490,42.272869212344645,-71.07459207321926,10.0
14174,42.2713550042963,-71.1695639244746,86.0
18235,42.24299584542559,-71.12533452471229,73.0
2815,42.3452894952951,-71.08773333275961,100.0
1741,42.30889167027651,-71.06912670281012,21.0
19986,42.27225022206836,-71.06866951109146,3.0
4284,42.34306909181571,-71.15344309338482,75.0
14329,42.29824634138487,-71.14351282002252,32.0
20006,42.28208911110495,-71.06179696777231,100.0
7315,42.28908328370273,-71.12123274167692,100.0
2442,42.339024289771096,-71.09037759259542,50.0
5450,42.35729691142958,-71.05248015620529,97.0
14977,42.28722327069316,-71.15993235450244,85.0
7675,42.33860496526641,-71.09741620251916,100.0
13255,42.28873068866351,-71.06124422379482,83.0
125,42.267876078977935,-71.10587461452556,92.0
4932,42.371038100190525,-71.03829018969085,87.0
14311,42.28826747660189,-71.16655555725877,97.0
8387,42.31547166784148,-71.07721793171969,100.0
2695,42.31159164025465,-71.11180934798851,100.0
180,42.26286218714296,-71.10445420927024,88.0
6422,42.31006742559529,-71.11419301362533,85.0
22059,42.3393847303243,-71.07536161874351,59.0
19714,42.31768766261369,-71.05919696875776,33.0
18916,42.315554555766916,-71.0940244009658,86.0
420,42.35370318692389,-71.07146627861421,0.0
1860,42.33808657131965,-71.0848638562998,18.0
20304,42.31140833805666,-71.10082939878161,86.0
17624,42.360583252073766,-71.12899624191634,35.0
4830,42.34350055137161,-71.14399961252604,45.0
20957,42.29063385828774,-71.14992967001066,87.0
6175,42.28173377873805,-71.08276072288365,21.0
6031,42.27925347029852,-71.06621963685603,0.0
4406,42.34826466305707,-71.07317262296138,100.0
7054,42.331145188474665,-71.10548985717804,60.0
13528,42.26677680990028,-71.10291200345263,62.0
11200,42.25704263116449,-71.12246135489426,93.0
926,42.29383038191856,-71.06120152487213,86.0
2254,42.32963285613779,-71.09360575137318,99.0
20645,42.312997384725044,-71.12257857194496,24.0
989,42.29200391209689,-71.06588788383384,41.0
16143,42.37468076533246,-71.06135520054355,96.0
11846,42.28263274934792,-71.0828691107008,70.0
12771,42.29547240843473,-71.08579008187208,22.0
15285,42.332941827052416,-71.09621267585985,59.0
10735,42.28952669486354,-71.16056980843115,86.0
10351,42.35494837472932,-71.13169776812886,29.0
15448,42.34083834463104,-71.05502577701164,100.0
8479,42.283243659715076,-71.17031869028085,69.0
159,42.26310858627449,-71.12229386448732,94.0
16356,42.38504349539159,-71.00321636021741,60.0
6308,42.24826711565528,-71.12612716751487,0.0
4801,42.3486189787082,-71.16803294809752,72.0
9277,42.2890705298996,-71.14851750416977,84.0
21113,42.287706862383764,-71.138626639022,34.0
8897,42.28036781194464,-71.14914026426558,61.0
14464,42.289795791817994,-71.16556438390647,80.0
17411,42.316222494454955,-71.0625716680179,52.0
10078,42.35442397311902,-71.1500737664236,46.0
4344,42.34291672685933,-71.07870184135042,87.0
9464,42.37708009567012,-71.03952742151925,77.0
20542,42.320195070021676,-71.08138778411644,36.0
3726,42.392108667659095,-71.0087673700018,86.0
155,42.26656628490057,-71.10908277261451,88.0
19926,42.31817216462017,-71.09021187856936,88.0
11527,42.25737519134882,-71.12833757086672,100.0
7886,42.3065675441724,-71.06756661552157,18.0
17279,42.36281828489885,-71.13024179623939,15.0
9368,42.3655718017301,-71.03325626638052,80.0
874,42.28804324500711,-71.07444286481883,83.0
7012,42.317110967830544,-71.09828447221466,85.0
7385,42.31483782680246,-71.10040076701026,82.0
17651,42.24583596253522,-71.11803403627793,72.0
1008,42.31688329979969,-71.10410351099227,78.0
21534,42.27399068240221,-71.14933037091446,47.0
4350,42.35757692358468,-71.05367659678133,80.0
12804,42.279803925641325,-71.05020393253648,87.0
20054,42.2894440033083,-71.0535983884197,0.0
17593,42.24522419556825,-71.13465278771336,77.0
3748,42.38129963915358,-71.0323895614711,69.0
3602,42.317891110097875,-71.10819042172503,49.0
13326,42.28068272432249,-71.07566206608752,55.0
15795,42.355502987193056,-71.05261723251479,100.0
14930,42.33409677186887,-71.04560788255908,43.0
12236,42.33406217926961,-71.07647360376811,7.0
8000,42.328687536296854,-71.07622989043918,93.0
18845,42.31195354721599,-71.05447147570035,0.0
15929,42.38341424200519,-71.07897256583237,92.0
17990,42.290325029003114,-71.07476778664837,77.0
7873,42.3172948314407,-71.0549531488946,99.0
7729,42.32694250173645,-71.07630549563147,73.0
16665,42.35512309314271,-71.15524451365481,76.0
7575,42.329852506366414,-71.07973550418805,19.0
12252,42.3430337945523,-71.09056918202957,100.0
16244,42.34673693487051,-71.0866467133106,95.0
21780,42.378076946639624,-71.05468148254779,82.0
8097,42.330084902061856,-71.10139560731471,30.0
20050,42.292983385220914,-71.06082597128312,89.0
18558,42.28199020468109,-71.08919825908444,71.0
4428,42.38952654590838,-71.00689505781831,76.0
22672,42.350209854060296,-71.17467421685393,100.0
859,42.28110248501706,-71.04918185361778,86.0
5237,42.378191207674774,-71.06004958935216,76.0
706,42.25357545494467,-71.13165497388816,79.0
2115,42.30867799215178,-71.06043412759718,46.0
522,42.34016932096764,-71.15519033733888,88.0
16498,42.36482693898187,-71.05471971404428,55.0
18586,42.278763446882444,-71.07601912503696,3.0
7493,42.30788498525707,-71.05827383789632,28.0
3284,42.3118145363492,-71.11464149509229,74.0
12716,42.31828154835601,-71.086099284345,0.0
16417,42.364634015330665,-71.05171592138372,98.0
4606,42.35332303197346,-71.06328979500832,100.0
459,42.2998782045169,-71.05057170986261,79.0
21287,42.294994009698186,-71.11561171739285,69.0
17817,42.32022712848105,-71.056668165483,63.0
14058,42.313643930147904,-71.10661218700552,64.0
4365,42.35512183760341,-71.07490116665156,70.0
8072,42.34354047253563,-71.09988504818018,56.0
20692,42.3038675679513,-71.10658380556758,46.0
13236,42.279749776487726,-71.0825893127623,63.0
3835,42.38421089852954,-71.0049696765605,87.0
16653,42.356916657436976,-71.15739151724665,100.0
8456,42.289076546697046,-71.15804592813018,57.0
17388,42.31696966329381,-71.11302435778785,26.0
21957,42.34020577782597,-71.07530825491291,90.0
14658,42.33175695867743,-71.10964857977325,48.0
24703,42.337332265803774,-71.1472223475259,94.0
24583,42.272763825560716,-71.09530235930076,67.0
5697,42.36673586723247,-71.05377195225569,8.0
22891,42.33678527057336,-71.07458163669406,60.0
9022,42.336650535762416,-71.03024992155085,98.0
3488,42.29070724117063,-71.1658584175979,46.0
20742,42.303261918648055,-71.11453940249868,86.0
2310,42.32723160518886,-71.0973204556843,46.0
2206,42.323901108588856,-71.05992796602901,93.0
12763,42.29578079718053,-71.07326438805102,77.0
8388,42.31578384194171,-71.0770942125924,100.0
22337,42.34886139681078,-71.16096962239641,72.0
13895,42.28052219961347,-71.07299518776429,81.0
13956,42.33453317196047,-71.0755360584858,0.0
17628,42.36021139255513,-71.13211313346828,24.0
21241,42.29910426001102,-71.11073057878625,84.0
848,42.28576257272659,-71.04994159496593,92.0
20327,42.30825713477738,-71.04975787441187,17.0
20964,42.291227301189366,-71.15403604292896,79.0
18771,42.26484437147622,-71.1148670529327,99.0
10200,42.34162368327333,-71.1413320453188,69.0
6959,42.32264705420196,-71.07524835566896,90.0
13452,42.31699746599686,-71.08743316392382,0.0
14819,42.28571013075952,-71.14587341023415,51.0
4944,42.3497101293326,-71.08525167968446,98.0
10722,42.342424716874596,-71.09043433984024,65.0
15891,42.362090662392596,-71.05281993998747,0.0
13270,42.283900207368724,-71.05417318050556,88.0
22095,42.357454229120926,-71.05820688717684,6.0
13579,42.32424181717363,-71.11215324211771,73.0
21700,42.33331541309997,-71.04702459438698,64.0
7475,42.31518803816062,-71.06304769632592,14.0
17546,42.25499289565228,-71.14087448513523,99.0
22392,42.34603777063704,-71.16099107056219,90.0
2138,42.306870650598775,-71.11359059429478,89.0
14371,42.278393019053844,-71.16855932380713,74.0
9659,42.357658313895605,-71.07048253314261,3.0
18139,42.343485214836335,-71.07085289384761,42.0
3323,42.26845237122132,-71.15055660500157,31.0
14902,42.33210750189526,-71.02920208929501,73.0
22082,42.349630868579425,-71.06813284770942,48.0
5021,42.35648135447765,-71.06968149220265,96.0
12166,42.31024307659872,-71.0917344639205,0.0
17327,42.24384692634778,-71.13391993174952,86.0
18626,42.26390801552791,-71.10352094447022,6.0
627,42.28725194053641,-71.11051879706783,36.0
10381,42.37591511884282,-71.05659881334257,88.0
17546,42.25499289565228,-71.14087448513523,99.0
6630,42.28063311304706,-71.08610909792488,94.0
16849,42.32311712075555,-71.07709653162297,100.0
11918,42.377364676534256,-71.06638344793406,92.0
21855,42.33948751380551,-71.07468357226523,92.0
15425,42.33121190989435,-71.05088074776127,68.0
6475,42.31863126112227,-71.0686007695784,36.0
4247,42.35941946836241,-71.13994317939539,36.0
4415,42.34948553943607,-71.06638761110742,87.0
11831,42.288501444635294,-71.08041357375082,96.0
7918,42.318208685056796,-71.06434009863064,59.0
7298,42.29237313825973,-71.11649392596884,93.0
9373,42.35030414898046,-71.08907170114487,100.0
11164,42.37911837624218,-71.0339405672006,58.0
10046,42.351343065729964,-71.14283869415743,35.0
12568,42.31896085268673,-71.06736039786713,39.0
3925,42.267312151354936,-71.16275393794919,20.0
7501,42.30533479326767,-71.05807210216057,0.0
21164,42.30613837599395,-71.11489514460328,92.0
17125,42.3503797961058,-71.16652594347218,77.0
17440,42.333179445406024,-71.10166539170078,96.0
4305,42.35064093603095,-71.151349342636,79.0
11202,42.30503920472409,-71.07491386863184,73.0
18948,42.36089166594212,-71.05339921786677,91.0
22852,42.34653359454181,-71.08708400085511,96.0
16947,42.31446513513916,-71.09770522552154,89.0
6790,42.30737222404971,-71.11691550678577,95.0
3822,42.34587360548962,-71.0729359565715,49.0
12690,42.323719260294794,-71.07519969062409,80.0
11198,42.2553304886407,-71.12866811962907,78.0
10538,42.34672602004489,-71.16180762640954,95.0
2888,42.286266927550955,-71.13894377143349,56.0
7496,42.306485917836135,-71.0567203227375,70.0
16020,42.3784198110606,-71.06463524356846,86.0
10253,42.3366567876512,-71.05327983104506,46.0
15560,42.37698434005712,-71.06083005174347,91.0
21189,42.28823126924691,-71.13614666383468,63.0
20703,42.30442453721183,-71.11459506860814,81.0
3293,42.277103297998096,-71.13603591208602,82.0
22545,42.34442604626849,-71.06578117942477,90.0
3795,42.36807214888044,-71.03504902738246,81.0
18794,42.323056914359185,-71.06248992730092,31.0
13636,42.328098461560366,-71.07591636984692,5.0
1983,42.28498890486677,-71.05892638881991,96.0
8116,42.341505275537614,-71.09092341796448,60.0
4638,42.352526934585306,-71.13754008683607,85.0
197,42.328102792831594,-71.08813478762238,98.0
21254,42.306701485087075,-71.11618314808406,90.0
10100,42.370508611607754,-71.0423444535214,98.0
277,42.28151397290252,-71.06905998831982,0.0
2993,42.34089609060347,-71.05372071044744,26.0
9237,42.33217784989311,-71.03946044394664,59.0
20338,42.320953746350945,-71.07539457430738,81.0
15500,42.372035183466785,-71.06275809833608,96.0
21114,42.28739460645292,-71.13272977729312,49.0
23120,42.36337362924541,-71.06667383670892,100.0
15831,42.38987355545548,-70.99935352475649,68.0
7962,42.322096537210804,-71.05670567360819,67.0
17112,42.3755716409259,-71.06714586434772,98.0
20508,42.281890427761056,-71.15029117637845,22.0
10703,42.26175246901545,-71.11381743777402,52.0
6127,42.28289019865565,-71.08355256894043,96.0
15375,42.36104795046662,-71.05579322800217,0.0
10021,42.35368846444802,-71.14736268667485,61.0
21968,42.34143438795949,-71.07134391967976,83.0
1980,42.28525200701169,-71.06053280986083,0.0
3718,42.34864417670186,-71.06948609625209,20.0
20202,42.30898105544057,-71.10491236469255,54.0
22866,42.340234256159,-71.0783667333241,93.0
15675,42.37838081762008,-71.0645539993393,87.0
20848,42.304579238656686,-71.12589736358635,95.0
4204,42.38131671614496,-71.06524055999795,65.0
4081,42.2758023219411,-71.12762476654441,52.0
12971,42.316921489474005,-71.03907868541042,88.0
7199,42.261018345850786,-71.1569190726761,43.0
120,42.27192758122069,-71.1280798681144,40.0
11704,42.32730710433521,-71.09278694753613,83.0
16241,42.344748052945185,-71.08225236874593,100.0
17238,42.3541399317536,-71.14643532979308,48.0
17274,42.358421439457885,-71.13057288972287,58.0
14546,42.30581421485316,-71.10683014645105,66.0
22532,42.34967985096762,-71.06605585351723,87.0
15917,42.378627578482146,-71.05315491842757,77.0
19745,42.3137462784876,-71.05825524893383,98.0
5799,42.249522292085615,-71.12656445930473,82.0
3435,42.29162574006295,-71.16289317760527,70.0
2294,42.3236047694692,-71.08516999032076,55.0
21452,42.335001781709735,-71.10177325584549,96.0
337,42.288428501968255,-71.0656319560493,82.0
10583,42.353323937749956,-71.15758757415612,82.0
20915,42.261404759179065,-71.1621637030609,100.0
21042,42.29270235766883,-71.13340117475043,9.0
21845,42.36154239274918,-71.14510511909161,79.0
5211,42.38301781508572,-71.06878642302033,75.0
2144,42.30828530795634,-71.10942584622384,54.0
16948,42.314360617059506,-71.09796252626408,95.0
219,42.27725986139728,-71.16209357021857,79.0
22032,42.34493090377859,-71.07676630609659,41.0
10813,42.34049530709992,-71.14719831733203,100.0
19839,42.322371011329345,-71.09495395971558,95.0
22780,42.383529225125045,-71.07809094218626,79.0
206,42.27723100653786,-71.13705272458839,89.0
13783,42.2828941591131,-71.1575494270322,0.0
10233,42.36456067386518,-71.05740544915362,46.0
7729,42.32694250173645,-71.07630549563147,73.0
15989,42.3369597244656,-71.0334629238095,100.0
3866,42.36731756440624,-71.03441067280514,73.0
18813,42.31624416793425,-71.0667330573078,85.0
11203,42.31628346278835,-71.06874774938865,93.0
14297,42.28637291429775,-71.17039339044493,55.0
15990,42.336950210960566,-71.03330812120613,100.0
2845,42.28596136974214,-71.15830792411897,93.0
8450,42.29083458184592,-71.16004814939303,82.0
16423,42.363737896464094,-71.05572792386886,95.0
2680,42.32092151968163,-71.1141508946017,78.0
3611,42.35112567425313,-71.06754302057473,98.0
4112,42.27234608458814,-71.16131875914108,64.0
1228,42.311753912488165,-71.11217428258149,75.0
9422,42.34256285143448,-71.08439446307078,92.0
20683,42.30333792828849,-71.1072711432182,81.0
22490,42.366330355525186,-71.03595647208438,96.0
18768,42.26534219388863,-71.11290426400305,98.0
12993,42.30010782083863,-71.08426597010636,17.0
6590,42.291994548489704,-71.06028394953167,92.0
18356,42.26660722773764,-71.10468940372675,88.0
12141,42.30857078068202,-71.11008601394823,60.0
20920,42.293819234167195,-71.15229074217868,64.0
813,42.28405152154725,-71.06816407175373,85.0
2206,42.323901108588856,-71.05992796602901,93.0
22036,42.343693179219045,-71.07712585407535,38.0
22592,42.387862741737656,-71.0079530370788,89.0
2895,42.28315578295964,-71.14280674006628,18.0
21479,42.28041165632607,-71.16274914663737,76.0
16939,42.274798453001075,-71.12825377997554,51.0
9380,42.351470222864236,-71.08418721337789,78.0
5634,42.28815992394071,-71.09146551828528,17.0
13057,42.31710411311528,-71.07049375503509,57.0
13693,42.33465259989864,-71.08162777316613,94.0
2872,42.28332844683882,-71.13111441499244,19.0
17933,42.271669585882464,-71.08442922468417,87.0
20072,42.294010243666534,-71.05484287613562,98.0
7744,42.32137450807053,-71.0717727391639,0.0
11801,42.332785493200916,-71.03112251666187,82.0
3049,42.32199689291101,-71.07713877804326,66.0
20181,42.2953083122643,-71.11859151524165,85.0
16032,42.38426997942476,-71.07458630401418,85.0
21864,42.347286412688575,-71.15159691232586,89.0
17782,42.26142395736213,-71.11171437944006,100.0
21468,42.29163881666702,-71.15012166427354,0.0
23134,42.28814399999809,-71.06536756697608,47.0
4578,42.341352427876046,-71.05617443658319,81.0
7989,42.314199273958685,-71.06777309130655,75.0
10147,42.284522833546085,-71.17056011085289,48.0
15591,42.3835089223955,-71.06786070516662,1.0
5238,42.37875523868583,-71.0616845191506,100.0
14925,42.332545658850364,-71.05252690215863,70.0
21556,42.35738610008619,-71.0691628351694,98.0
14919,42.3337089475156,-71.03336518802202,25.0
16536,42.361081394211,-71.05664005729794,100.0
14622,42.33023309558277,-71.09090921177707,95.0
12582,42.31682554978089,-71.07452879321303,83.0
9247,42.33298324318971,-71.0404210271635,63.0
14636,42.27835214073004,-71.13857192957455,29.0
5428,42.3517342101074,-71.08049339718835,82.0
6648,42.28311371610044,-71.0518243053886,100.0
9752,42.333633225765254,-71.04157221884452,52.0
15392,42.36608937267497,-71.05698530620894,21.0
3643,42.342362713978886,-71.07940076915281,100.0
2763,42.330875962040764,-71.09799279129707,38.0
6892,42.31901532070984,-71.05354907181152,97.0
14045,42.31632239534506,-71.11692748997592,69.0
1282,42.30643813627154,-71.06668266483125,26.0
21593,42.32429480597685,-71.0550471992775,0.0
5177,42.355221550593456,-71.05537048357728,100.0
2904,42.2857414394641,-71.14692359243698,36.0
19839,42.322371011329345,-71.09495395971558,95.0
13247,42.289134910153855,-71.08717992306374,71.0
2434,42.32925142512759,-71.10220800028499,68.0
18610,42.27404929729455,-71.07134381683893,0.0
16559,42.36507923869333,-71.03409030836197,100.0
14983,42.3426069036879,-71.08713398468018,100.0
2752,42.34024968904278,-71.08236035950654,69.0
6140,42.29383953274718,-71.05557656980876,94.0
4066,42.3282638532642,-71.05791030293187,64.0
8517,42.28180952630325,-71.139028747152,28.0
8107,42.33449025498784,-71.09849549228994,100.0
10102,42.37429929450991,-71.03897982588329,99.0
1616,42.309601493247015,-71.10956404260459,59.0
3215,42.3806098586693,-71.02520633835948,26.0
21530,42.28631221850796,-71.16975835390078,78.0
2976,42.30998954900029,-71.08235325026259,69.0
5997,42.334517853517355,-71.0446036294928,44.0
12924,42.28884578810035,-71.0926352809366,98.0
9771,42.346075808110946,-71.07972851578201,100.0
10813,42.34049530709992,-71.14719831733203,100.0
4428,42.38952654590838,-71.00689505781831,76.0
3376,42.28286464452124,-71.1393852405459,18.0
3508,42.27457921075277,-71.16119925103737,58.0
5110,42.36318949024928,-71.05663441284467,100.0
24642,42.272414530199306,-71.0784559032857,0.0
6340,42.267111087211816,-71.1271625432344,66.0
21244,42.281342156664984,-71.11749313867575,100.0
11613,42.302497102366964,-71.07085696103482,36.0
6832,42.311552514691506,-71.11783177203434,97.0
951,42.292240136060585,-71.06476876503135,36.0
12965,42.296955475736674,-71.07749317825542,0.0
18285,42.27266369649775,-71.10930618948434,99.0
6675,42.29583423806214,-71.09093375140849,100.0
9457,42.37547214244597,-71.03313046906138,96.0
15560,42.37698434005712,-71.06083005174347,91.0
18605,42.33500624846858,-71.08584015966946,33.0
11206,42.318666228439376,-71.08393919498471,50.0
6326,42.29008387149521,-71.12201565672234,95.0
24626,42.283044027546985,-71.12386689845074,100.0
10822,42.37841798623939,-71.06245325629362,88.0
12892,42.29119936895943,-71.07300575232264,37.0
21402,42.32552382889719,-71.10441566701273,100.0
24676,42.28809183753012,-71.07932819270223,0.0
9763,42.331435662609,-71.04110425386884,50.0
12899,42.283161862170935,-71.09097662917536,34.0
16358,42.38503784164455,-71.004278282703,95.0
3357,42.27529543660957,-71.13229755324484,17.0
11608,42.31260130820407,-71.1019966926236,94.0
12483,42.29520678715079,-71.08028380564953,43.0
12298,42.35872559248585,-71.07199182606605,17.0
701,42.25642340776669,-71.12131986532304,85.0
10211,42.2519053975702,-71.14507854071982,93.0
16358,42.38503784164455,-71.004278282703,95.0
16694,42.351814961273284,-71.132984549312,98.0
7959,42.31876863833262,-71.05891148548466,100.0
1118,42.25873344014585,-71.12601711166815,93.0
23195,42.28753419223185,-71.06907802140333,62.0
13391,42.30136192614911,-71.05142425740118,0.0
9501,42.37379002602655,-71.03896674068282,71.0
15403,42.33042399570027,-71.0967780092083,68.0
3787,42.37363397611989,-71.03429940026551,0.0
7370,42.3029092879737,-71.05803641774277,43.0
21421,42.26312860573615,-71.16464001781715,44.0
16449,42.35907948509284,-71.055735362934,0.0
5683,42.35861318564061,-71.05875158876069,98.0
17332,42.24529722575987,-71.13468010352321,11.0
12592,42.31781682631225,-71.06986061200699,26.0
10712,42.30139853509945,-71.08445179180971,43.0
22924,42.313217844380304,-71.09963475041046,83.0
10487,42.35314443393271,-71.14523153755898,54.0
4688,42.37778896113402,-71.05888856095058,72.0
21442,42.33367439438751,-71.0975269002618,100.0
7689,42.27657224228102,-71.14939019883086,8.0
9019,42.35914710257458,-71.06863578367661,0.0
2247,42.33762153989628,-71.0860336671455,99.0
2062,42.288621817209645,-71.11433615045223,92.0
7532,42.33199690142768,-71.08549214212104,98.0
18571,42.27103169576027,-71.09422702945346,58.0
12869,42.279299126768244,-71.06085310252415,25.0
10316,42.36223664347733,-71.06151239046861,93.0
10438,42.34182733364119,-71.15132560212149,0.0
15069,42.38160151577376,-71.06667685068983,1.0
87,42.25775288243846,-71.12647116697201,65.0
19831,42.33244222511792,-71.08238251097558,95.0
20550,42.32779277199361,-71.05444925050756,63.0
6627,42.28459168425186,-71.08973283196737,96.0
5965,42.272288901313495,-71.08911710261806,40.0
21117,42.26430584661065,-71.15408909673621,51.0
14946,42.33061496611578,-71.03460052422639,64.0
12731,42.324452573276965,-71.09171629965147,28.0
13808,42.32666672791656,-71.07624036995993,100.0
19918,42.31406200152327,-71.0863153916109,29.0
11148,42.37130112759879,-71.0435869350486,73.0
21321,42.302353684964345,-71.11402185118942,95.0
22730,42.357511807322254,-71.0522373719725,100.0
7111,42.2722124885114,-71.10028562135984,43.0
16866,42.27164083081059,-71.10163532143754,28.0
15642,42.3430554198942,-71.15622738264813,70.0
10557,42.35297463363797,-71.16220672889959,56.0
22754,42.33293164580761,-71.0673090794479,100.0
8917,42.29384451388185,-71.15640397928044,38.0
24649,42.29727107234167,-71.06675155829706,100.0
22358,42.36224470175187,-71.14212452958822,30.0
14980,42.33244815914682,-71.10596897251527,0.0
7198,42.32860709834253,-71.0820634476159,12.0
7066,42.2735700037986,-71.14765101301478,7.0
4973,42.25083797544738,-71.1225444078061,62.0
14950,42.330644655223665,-71.03275654772797,81.0
1885,42.32709640583703,-71.10428781084379,64.0
2685,42.308854145846425,-71.11823156734548,48.0
271,42.274027566735434,-71.093379034639,87.0
940,42.29335631517634,-71.05210455349072,96.0
3547,42.33722520966196,-71.04543719642362,98.0
518,42.37566942467204,-71.05569244691695,81.0
16096,42.383050090995006,-71.07487262812182,61.0
18715,42.237909482372004,-71.12992035320617,58.0
6298,42.25874073121215,-71.12983559031827,77.0
17458,42.28679983485585,-71.16348249133894,70.0
20164,42.317248791436214,-71.06214094447996,53.0
9244,42.3324812998043,-71.0440800390557,90.0
17846,42.314951515732524,-71.09108019235205,68.0
18224,42.245072981227764,-71.12350746294206,74.0
14109,42.33672814373555,-71.08261078451018,47.0
7281,42.286518815191506,-71.12424849394098,100.0
17379,42.2982233692616,-71.08038971554836,35.0
11845,42.28346768625726,-71.07637446572453,26.0
10006,42.35384677010881,-71.15678856596362,82.0
4187,42.387440457115225,-71.07503280857289,67.0
220,42.28372858234702,-71.1317540352706,43.0
5655,42.35334256854897,-71.06358975074077,100.0
17594,42.30786170490043,-71.1154161042349,100.0
7728,42.320187058379695,-71.06311201784702,58.0
1123,42.26299768221851,-71.12234130566723,95.0
12893,42.29019132697649,-71.04125310032019,60.0
20944,42.29224006295329,-71.14971764645682,77.0
22004,42.35218154900265,-71.0613995451155,100.0
18308,42.266273713312316,-71.12667919159654,51.0
7864,42.303323870595676,-71.05930283264624,0.0
17387,42.3186690350197,-71.1110887775114,93.0
24740,42.340114827197695,-71.1424073295365,52.0
16306,42.384245012107534,-71.01608166984495,88.0
13529,42.2674293650813,-71.10285075632899,82.0
2594,42.34653696089147,-71.06979998347116,35.0
8931,42.287597460776645,-71.14866005055637,76.0
6198,42.27095503776938,-71.079463063011,76.0
3354,42.28553084775621,-71.1646882323458,36.0
7412,42.318764633031655,-71.05927000255676,58.0
14914,42.33524685083349,-71.03325898984572,56.0
12152,42.30302357127647,-71.06299242971215,41.0
19563,42.29913673062434,-71.05899963238541,71.0
6224,42.37494678438052,-71.05565052853485,71.0
8543,42.29172397361285,-71.16120356167329,27.0
21263,42.289120422526466,-71.12515994337761,91.0
16670,42.34967999725746,-71.15791251949183,95.0
6302,42.25619502839812,-71.1221578370512,100.0
13847,42.3310458288414,-71.03606006097672,94.0
19622,42.31303029890708,-71.05124611572884,83.0
13645,42.330048183463475,-71.08153134553636,100.0
553,42.34335193810793,-71.0781135425065,79.0
14510,42.28395706164072,-71.11726987969939,98.0
15294,42.33304485361751,-71.09727267450178,46.0
17731,42.26679605434504,-71.1137997836694,74.0
11714,42.32130921278745,-71.08340556950859,92.0
19547,42.285929834828934,-71.04076288251845,89.0
560,42.375981089110894,-71.0321836331913,80.0
8325,42.3437841998111,-71.07411744270824,100.0
16408,42.38507277005181,-71.0059345631051,54.0
15501,42.380336791574116,-71.07127073352723,100.0
5372,42.35248804083327,-71.06089415231247,100.0
9769,42.36151599555756,-71.06444445543707,100.0
12649,42.31362589892701,-71.08901511613196,36.0
2848,42.28099189909045,-71.16835780309964,95.0
17236,42.35467645769016,-71.14853305160699,77.0
7984,42.323001929397385,-71.07308380723406,85.0
19635,42.324825807185654,-71.08839878126481,91.0
22584,42.340022152422286,-71.06606629264344,83.0
10748,42.36755674025607,-71.05377821701154,99.0
17195,42.35667681769983,-71.16093845361044,70.0
13799,42.26730426752859,-71.15208839924114,56.0
2900,42.28604061686301,-71.1412620045812,24.0
9968,42.352728797011906,-71.1648889532453,66.0
862,42.29346035786991,-71.06294400506614,77.0
22221,42.36107062296979,-71.05288265233814,89.0
9477,42.38850047769365,-71.00101320128442,90.0
3361,42.28637206420119,-71.17093233945928,64.0
18645,42.33761538126388,-71.07594405408973,81.0
21595,42.2794526436257,-71.12072816254533,38.0
12304,42.36604279072012,-71.0552540447083,0.0
43,42.26217089233846,-71.10421344840903,96.0
16654,42.35707205949386,-71.15749661442655,38.0
19561,42.283908120832976,-71.0617534036191,88.0
3194,42.38093640091194,-71.04015381063182,94.0
18204,42.247969411309114,-71.11221019676796,0.0
1778,42.31781371455246,-71.0660129031662,85.0
20208,42.28487587613455,-71.10910616262662,100.0
8233,42.31009836828166,-71.05832282734066,34.0
6494,42.300044016003525,-71.08333537335845,60.0
22216,42.35680225542532,-71.05798270922583,4.0
11371,42.35931144202843,-71.0654686420517,85.0
8928,42.29161203530799,-71.1401304048915,48.0
1001,42.24484500879477,-71.12065898508641,88.0
12183,42.31229279425,-71.09328942563899,51.0
850,42.291457190475676,-71.05104780832704,60.0
17528,42.28470745266482,-71.0783488888985,57.0
15731,42.35158212499251,-71.08517177057273,100.0
18259,42.24459830192113,-71.12268587062509,76.0
4615,42.288525832278864,-71.14378499384615,85.0
21114,42.28739460645292,-71.13272977729312,49.0
7427,42.30992595748299,-71.08432726229638,14.0
21190,42.30954306670988,-71.09824110356276,60.0
6713,42.2488290561259,-71.12743629985843,91.0
18281,42.27061725218032,-71.10367021004757,96.0
19563,42.29913673062434,-71.05899963238541,71.0
16167,42.34188874547335,-71.14648014054093,90.0
3761,42.372498589994045,-71.04016633262877,96.0
21058,42.28785631076923,-71.17013988319496,46.0
8800,42.35141381257869,-71.05653734481598,89.0
8745,42.3381991883548,-71.02903921127097,0.0
9573,42.37126067431117,-71.04338211143973,83.0
9650,42.359467981254326,-71.06415416829779,53.0
11935,42.352369975270264,-71.16050112155554,93.0
9561,42.37816268123281,-71.03736994086559,52.0
5798,42.31213045589476,-71.12838651598183,61.0
7794,42.30393465354683,-71.11761316906212,71.0
17915,42.29513224129537,-71.07468467415846,71.0
11919,42.3774120251021,-71.06647543419847,90.0
3887,42.317441546483224,-71.10648826313309,96.0
16715,42.35936838688487,-71.05279761443956,100.0
21028,42.285450832063226,-71.14259352696145,46.0
16211,42.343573431889055,-71.14343592431358,91.0
9254,42.33636104340899,-71.0403974964715,92.0
6519,42.33594132040639,-71.04434492123347,51.0
2429,42.33278929871063,-71.10787295777678,25.0
11058,42.3536934292409,-71.15568766728194,74.0
17605,42.27325046244144,-71.07015069954325,0.0
16233,42.35738655205576,-71.05956551958148,98.0
7777,42.30786801659041,-71.10068879841931,64.0
18252,42.25634786622365,-71.11776988021455,87.0
20772,42.31192105953699,-71.12489386608914,100.0
15209,42.31978211287506,-71.11278864401382,90.0
21852,42.339063168344715,-71.074970675278,89.0
1831,42.329378796100826,-71.09009466060289,97.0
1191,42.307776832711724,-71.06337141191882,67.0
8534,42.28660619281937,-71.15515352117355,83.0
8855,42.38169151133031,-71.03919305148881,54.0
6933,42.314417864049894,-71.0645237042164,13.0
742,42.323945656821934,-71.08400983046108,90.0
5799,42.249522292085615,-71.12656445930473,82.0
8394,42.31700755434816,-71.05679661458895,94.0
21224,42.38863594365068,-71.00857670761562,76.0
2748,42.32717744872196,-71.09417777061077,13.0
6072,42.28836580683361,-71.06348066711574,0.0
5368,42.35485850608807,-71.05470073100001,52.0
11642,42.30602318527055,-71.0692398279976,28.0
10648,42.3555312911543,-71.14362081069615,42.0
11584,42.26290100518696,-71.11914709600819,56.0
12471,42.29616197341733,-71.08281749117499,44.0
3848,42.3700036746496,-71.03447638236027,90.0
21877,42.333805256615754,-71.06549801452012,100.0
134,42.264991255497115,-71.11221373225852,74.0
3047,42.30842773594633,-71.1160548568336,100.0
4118,42.28723775164046,-71.1506163512366,42.0
14655,42.33129054052497,-71.10966368057514,100.0
4502,42.27241283837713,-71.16409672858582,23.0
17002,42.332879638694976,-71.05033877866467,33.0
3707,42.33748353783563,-71.06808884553567,33.0
4023,42.27644617222425,-71.16038660892536,87.0
21388,42.335069886201055,-71.1082449477038,58.0
4895,42.3571027394369,-71.05624431600322,72.0
23202,42.28686341865426,-71.07128905637164,62.0
244,42.36416487326294,-71.05618274232457,66.0
12850,42.28724359000967,-71.09463843686424,96.0
22798,42.37465323152543,-71.0629057272729,88.0
12476,42.303036541158136,-71.08176926500768,26.0
21559,42.28510952108819,-71.16421973029027,15.0
2207,42.32448209592562,-71.05950846218711,99.0
4786,42.35245691548221,-71.16885931493867,93.0
7762,42.279221688887844,-71.11547031032339,95.0
13342,42.2841332448984,-71.07683071228253,20.0
5317,42.34360487686924,-71.15352425928315,93.0
24633,42.35245004829763,-71.04525187316158,69.0
22108,42.38509681067404,-71.01987304992238,73.0
6220,42.35011302462612,-71.04454329708996,95.0
3636,42.348745856424415,-71.08277376695645,99.0
3186,42.377126477705296,-71.03396986181164,57.0
10429,42.34202984851584,-71.15855320756363,90.0
14885,42.32587804068965,-71.05457655637737,67.0
6351,42.263896298055954,-71.10798935099177,89.0
20634,42.28885215543159,-71.0572273441056,70.0
6038,42.28671971696284,-71.0572336442645,90.0
15677,42.3483285716354,-71.08573445643917,100.0
2838,42.29302066427915,-71.13754274953327,68.0
6738,42.379259613532675,-71.06807009181605,93.0
5496,42.35789090335905,-71.05642088120955,0.0
6877,42.322239397936926,-71.0724995400234,0.0
8131,42.333713452588896,-71.10595667633532,27.0
15146,42.34705628271753,-71.06686874423927,82.0
19986,42.27225022206836,-71.06866951109146,3.0
3512,42.28596596701624,-71.14521725396409,100.0
22733,42.3774398000239,-71.05156011231037,84.0
175,42.27320776803979,-71.12916899509418,63.0
2004,42.284685249741,-71.06135921829328,86.0
12828,42.28537333785509,-71.08358998431729,85.0
10685,42.35092839070979,-71.06210647260741,100.0
9382,42.35379836040447,-71.07555151981008,98.0
9227,42.33093944241711,-71.04402802613532,90.0
2248,42.33730282977522,-71.08652686691771,99.0
22310,42.38549163935572,-71.07413089497337,23.0
8095,42.33072457304363,-71.10369051662951,67.0
15399,42.32915618211236,-71.05400417430715,69.0
2599,42.35299066510559,-71.05304276225307,94.0
5236,42.37791825009476,-71.05969292187199,85.0
5748,42.244831790915725,-71.11700866006173,53.0
861,42.29278873597229,-71.06320151786254,83.0
17362,42.2663023345515,-71.1196399459529,83.0
5606,42.366945959701155,-71.05222018103512,5.0
1183,42.31152105712285,-71.10638377986244,45.0
5543,42.36491451354555,-71.06232493042499,100.0
4923,42.3525335578743,-71.06171612727726,100.0
22324,42.37952583083774,-71.06647116087318,88.0
5784,42.26376529617993,-71.11082158819868,93.0
5167,42.358394490298025,-71.12484846881198,42.0
12340,42.288041385751605,-71.083587344556,61.0
16653,42.356916657436976,-71.15739151724665,100.0
873,42.287969681374776,-71.07454385851747,84.0
18735,42.265448546813566,-71.10513116851162,100.0
4912,42.35308577256823,-71.05860627620162,100.0
4829,42.343927457358504,-71.14472230109135,50.0
14263,42.28328187163539,-71.14009563925912,67.0
18540,42.29021714190308,-71.07471879087605,74.0
21393,42.32476122104571,-71.10429554393731,40.0
4624,42.342095819680004,-71.05533683768483,100.0
22827,42.33888482757947,-71.07475627232499,86.0
9370,42.37050233203729,-71.03329730137796,82.0
16301,42.38094895942008,-71.0333469700143,82.0
7060,42.26180649977759,-71.16522271326876,71.0
9253,42.33403444916411,-71.04851108074969,0.0
363,42.275778760463574,-71.09371738960283,30.0
22181,42.36470815554065,-71.0591937069244,52.0
3004,42.34070646522785,-71.05271446432485,100.0
13121,42.323612824814525,-71.08130412543649,92.0
16128,42.37948636198136,-71.06473637831395,90.0
1920,42.347802357413585,-71.10481421572683,76.0
2365,42.33048780482348,-71.10075346529321,49.0
8780,42.35934884268321,-71.06380185727902,100.0
15721,42.35499435809186,-71.05759105817911,93.0
23213,42.28999154040203,-71.07036267275234,3.0
3452,42.28609071993791,-71.14716529331528,0.0
14930,42.33409677186887,-71.04560788255908,43.0
9114,42.33489929467075,-71.04714814475572,54.0
11429,42.33788912916758,-71.0713506059955,59.0
12105,42.26984922850022,-71.13193347673081,98.0
19368,42.3055939759612,-71.0703651491739,61.0
6008,42.33387336044478,-71.05134683557088,62.0
